[ {
    "id": 1,
    "user": 1,
    "title": "A title about challenge 1",
    "body": "This is some text for the body",
    "subject": "Challenge 1",
    "views": 132
},
{
    "id": 2,
    "user": 1,
    "title": "A second title about challenge 1",
    "body": "This is some text for the body",
    "subject": "Challenge 1",
    "views": 60
},
{
    "id": 3,
    "user": 2,
    "title": "A title about challenge 2",
    "body": "This is some text for the body",
    "subject": "Challenge 2",
    "views": 14
},
{
    "id": 4,
    "user": 2,
    "title": "A second title about challenge 2",
    "body": "This is some text for the body",
    "subject": "Challenge 2",
    "views": 85
} ]
